Name,Email,Company
Rachel Taylor,kellyparker@example.org,Martinez Farming Equipment Co.
Thomas Sanders,wromero@example.com,Little Farming Equipment Co.
Jared Gonzalez,ronniehuynh@example.org,Mendez Farming Equipment Co.
Jack Chen,kenneth52@example.net,Haley Farming Equipment Co.
Hannah Spencer,saunderscaitlin@example.org,Ward Farming Equipment Co.
Victor Nelson,kmoses@example.org,Barrett Farming Equipment Co.
Annette Torres,grahambrent@example.org,Buckley Farming Equipment Co.
Michele Martin,alec69@example.org,Jackson Farming Equipment Co.
Michael Wright,ronald47@example.org,Davis Farming Equipment Co.
Randy Davis,cindymendoza@example.org,Montgomery Farming Equipment Co.
Michael Banks,tinasmith@example.com,Thomas Farming Equipment Co.
Meghan Johnson,craigyoung@example.net,Griffith Farming Equipment Co.
Dr. Erica Price,ritterjohnny@example.org,Hernandez Farming Equipment Co.
Natalie Mitchell,daniel21@example.com,Johnson Farming Equipment Co.
Steven Payne,gaguilar@example.net,Gutierrez Farming Equipment Co.
Adam Barton,dwells@example.org,Luna Farming Equipment Co.
Jennifer Cox,riverakimberly@example.com,Smith Farming Equipment Co.
Michael Weber,bryantcollin@example.org,Walker Farming Equipment Co.
Patricia Huber,elizabethcortez@example.com,Waters Farming Equipment Co.
Benjamin Sanchez,fernandezmichael@example.com,Young Farming Equipment Co.
Jeffrey Bennett,ashleyshort@example.org,Flores Farming Equipment Co.
Daniel Schwartz,christopherjones@example.net,Barton Farming Equipment Co.
Diane Hoover,christianmcknight@example.org,Garcia Farming Equipment Co.
Kirsten Nguyen,kelly14@example.net,Fisher Farming Equipment Co.
Richard Miller,richard37@example.org,Chandler Farming Equipment Co.
Mike Barrera,gutierrezpaul@example.org,Miller Farming Equipment Co.
David Green,pattersondiana@example.net,Franco Farming Equipment Co.
Crystal Hernandez,wrightdouglas@example.net,Sanchez Farming Equipment Co.
Travis Logan,ryansamuel@example.net,Kennedy Farming Equipment Co.
Jason Campbell,sandovalarthur@example.org,Villa Farming Equipment Co.
Kevin Cortez,tommy15@example.net,Ramsey Farming Equipment Co.
Michael Finley,melaniemurray@example.com,Lopez Farming Equipment Co.
Rebecca Bush,andreabenson@example.net,Hester Farming Equipment Co.
Craig Mcdowell,garrett23@example.com,Jackson Farming Equipment Co.
Frederick Herrera,hector96@example.com,Walters Farming Equipment Co.
Joseph Barry,campbellcassandra@example.com,Martin Farming Equipment Co.
Rebecca Lloyd,fweiss@example.net,Wade Farming Equipment Co.
Ruth Knight,simsdenise@example.net,Bradley Farming Equipment Co.
Patricia Sherman,rosemichelle@example.net,Bryant Farming Equipment Co.
Martha Burgess,anelson@example.net,Davis Farming Equipment Co.
Jared Rodriguez,brendahood@example.org,Powers Farming Equipment Co.
Frederick Zimmerman,bakergabriel@example.net,Hill Farming Equipment Co.
Steven Reed,carrilloalexis@example.net,Marquez Farming Equipment Co.
Stephanie Wise,luis60@example.com,Evans Farming Equipment Co.
Kristina Thompson,dwells@example.net,Pierce Farming Equipment Co.
Courtney Olson,brittany60@example.com,Shea Farming Equipment Co.
Rebecca Evans,travisrodriguez@example.org,Terry Farming Equipment Co.
Troy Medina,blackrichard@example.com,Cooper Farming Equipment Co.
James Dunn,timothy70@example.org,Gomez Farming Equipment Co.
Rachel Stark,danajones@example.org,Martin Farming Equipment Co.
Debra Hernandez,hmontes@example.org,Hodge Farming Equipment Co.
Jonathan Morrow,phillip98@example.net,Wilson Farming Equipment Co.
Jared Gardner,villegaslauren@example.org,Schroeder Farming Equipment Co.
Nicole Smith,lgardner@example.com,Ward Farming Equipment Co.
Brandon Dean,kimberly89@example.com,Garcia Farming Equipment Co.
Craig Clark,kingjulia@example.com,Jordan Farming Equipment Co.
Casey Diaz,janesimpson@example.org,Kramer Farming Equipment Co.
Kristy Colon,gatesgary@example.com,Gonzalez Farming Equipment Co.
Jonathan Johns,fordjoseph@example.net,Price Farming Equipment Co.
Yvette Randall,adrian58@example.org,Meyer Farming Equipment Co.
Austin Wang,wdavidson@example.net,Jones Farming Equipment Co.
Charles Garza,xmay@example.com,Bell Farming Equipment Co.
Kyle Jones,joshua74@example.org,Lee Farming Equipment Co.
Marie Henderson,washingtonamanda@example.com,Carter Farming Equipment Co.
Jason Arnold,erin66@example.org,Reed Farming Equipment Co.
Daniel Young,jsmith@example.net,Shah Farming Equipment Co.
Amanda Jones,marissaball@example.com,Garrett Farming Equipment Co.
Erica Garcia,qmcdonald@example.com,Porter Farming Equipment Co.
Ashley Johnson,humphreydanielle@example.org,Cochran Farming Equipment Co.
Sara Richards,stephenmendoza@example.com,Jackson Farming Equipment Co.
Samantha Greene,emiller@example.net,Gonzalez Farming Equipment Co.
Kimberly Guzman,claytontina@example.net,Mills Farming Equipment Co.
Tammy Walker,kellymason@example.org,Monroe Farming Equipment Co.
Rebecca Henderson,williamwatson@example.org,Mcintyre Farming Equipment Co.
Jennifer Hodges,andrewjames@example.org,Conley Farming Equipment Co.
Susan Gray,saracollier@example.com,Daniels Farming Equipment Co.
Robert Jackson,robertjohnson@example.org,Randolph Farming Equipment Co.
Jeff White DVM,james41@example.com,Kelly Farming Equipment Co.
Kenneth Washington,nmoon@example.net,Rowe Farming Equipment Co.
Michael Reyes,jbryan@example.net,Bolton Farming Equipment Co.
Stacey Phillips,ldavis@example.net,Edwards Farming Equipment Co.
Joshua Shepherd,leemichael@example.org,Vaughn Farming Equipment Co.
Terri Barry,jacquelineturner@example.org,Caldwell Farming Equipment Co.
William Wood,kristy89@example.net,Alexander Farming Equipment Co.
Kristin Mckee,adkinsbrandon@example.com,Chase Farming Equipment Co.
Heather Chen,wrichardson@example.net,Cummings Farming Equipment Co.
Daniel Lopez,ydavis@example.com,Jones Farming Equipment Co.
Zachary Webster,conleydarrell@example.net,Kim Farming Equipment Co.
James Moreno,smithrobert@example.net,Hull Farming Equipment Co.
Russell Johnson,dreese@example.com,Farmer Farming Equipment Co.
Vincent Avila,thomas02@example.com,Taylor Farming Equipment Co.
Roger Martin,dbrown@example.com,Greene Farming Equipment Co.
Brian Hernandez,melissaesparza@example.com,Garcia Farming Equipment Co.
Monica Wright,sandra09@example.net,Hammond Farming Equipment Co.
John Mckenzie,tarathompson@example.net,Ortiz Farming Equipment Co.
Casey Lopez MD,rose34@example.com,Daniel Farming Equipment Co.
Daniel Barker,charles57@example.net,Henson Farming Equipment Co.
Madison Perry,dianaschwartz@example.org,Brooks Farming Equipment Co.
Jacob Howell,scottgreen@example.net,King Farming Equipment Co.
Carolyn Case,davidfuentes@example.com,Mayer Farming Equipment Co.
